[
    {
        "id": "Q1",
        "question": "Which planet is known as the \"Red Planet\"?",
        "choices": [
            {
                "id": "Q1_C1",
                "value": "Mercury"
            },
            {
                "id": "Q1_C2",
                "value": "Venus"
            },
            {
                "id": "Q1_C3",
                "value": "Mars"
            },
            {
                "id": "Q1_C4",
                "value": "Jupiter"
            }
        ],
        "correct_answer": "Q1_C3"
    },
    {
        "id": "Q2",
        "question": "What is the chemical symbol for the element gold?",
        "choices": [
            {
                "id": "Q2_C1",
                "value": "Go"
            },
            {
                "id": "Q2_C2",
                "value": "Gd"
            },
            {
                "id": "Q2_C3",
                "value": "Au"
            },
            {
                "id": "Q2_C4",
                "value": "Ag"
            }
        ],
        "correct_answer": "Q2_C3"
    },
    {
        "id": "Q3",
        "question": "Who is the author of the Harry Potter book series?",
        "choices": [
            {
                "id": "Q3_C1",
                "value": "J.R.R. Tolkien"
            },
            {
                "id": "Q3_C2",
                "value": "J.K. Rowling"
            },
            {
                "id": "Q3_C3",
                "value": "George R.R. Martin"
            },
            {
                "id": "Q3_C4",
                "value": "Stephen King"
            }
        ],
        "correct_answer": "Q3_C2"
    },
    {
        "id": "Q4",
        "question": "In which city is the Eiffel Tower located?",
        "choices": [
            {
                "id": "Q4_C1",
                "value": "Paris"
            },
            {
                "id": "Q4_C2",
                "value": "London"
            },
            {
                "id": "Q4_C3",
                "value": "Rome"
            },
            {
                "id": "Q4_C4",
                "value": "New York City"
            }
        ],
        "correct_answer": "Q4_C1"
    },
    {
        "id": "Q5",
        "question": "What is the capital city of Australia?",
        "choices": [
            {
                "id": "Q5_C1",
                "value": "Sydney"
            },
            {
                "id": "Q5_C2",
                "value": "Melbourne"
            },
            {
                "id": "Q5_C3",
                "value": "Canberra"
            },
            {
                "id": "Q5_C4",
                "value": "Brisbane"
            }
        ],
        "correct_answer": "Q5_C3"
    },
    {
        "id": "Q6",
        "question": "Who painted the Mona Lisa?",
        "choices": [
            {
                "id": "Q6_C1",
                "value": "Vincent van Gogh"
            },
            {
                "id": "Q6_C2",
                "value": "Pablo Picasso"
            },
            {
                "id": "Q6_C3",
                "value": "Leonardo da Vinci"
            },
            {
                "id": "Q6_C4",
                "value": "Michelangelo"
            }
        ],
        "correct_answer": "Q6_C3"
    },
    {
        "id": "Q7",
        "question": "Which animal is known as the \"King of the Jungle\"?",
        "choices": [
            {
                "id": "Q7_C1",
                "value": "Tiger"
            },
            {
                "id": "Q7_C2",
                "value": "Lion"
            },
            {
                "id": "Q7_C3",
                "value": "Elephant"
            },
            {
                "id": "Q7_C4",
                "value": "Gorilla"
            }
        ],
        "correct_answer": "Q7_C2"
    },
    {
        "id": "Q8",
        "question": "What is the largest ocean in the world?",
        "choices": [
            {
                "id": "Q8_C1",
                "value": "Atlantic Ocean"
            },
            {
                "id": "Q8_C2",
                "value": "Indian Ocean"
            },
            {
                "id": "Q8_C3",
                "value": "Pacific Ocean"
            },
            {
                "id": "Q8_C4",
                "value": "Arctic Ocean"
            }
        ],
        "correct_answer": "Q8_C3"
    },
    {
        "id": "Q9",
        "question": "Who was the first person to set foot on the moon?",
        "choices": [
            {
                "id": "Q9_C1",
                "value": "Neil Armstrong"
            },
            {
                "id": "Q9_C2",
                "value": "Buzz Aldrin"
            },
            {
                "id": "Q9_C3",
                "value": "Yuri Gagarin"
            },
            {
                "id": "Q9_C4",
                "value": "John F. Kennedy"
            }
        ],
        "correct_answer": "Q9_C1"
    },
    {
        "id": "Q10",
        "question": "What is the main language spoken in Brazil?",
        "choices": [
            {
                "id": "Q10_C1",
                "value": "Spanish"
            },
            {
                "id": "Q10_C2",
                "value": "Portuguese"
            },
            {
                "id": "Q10_C3",
                "value": "French"
            },
            {
                "id": "Q10_C4",
                "value": "Italian"
            }
        ],
        "correct_answer": "Q10_C2"
    }
]